Workbook

Sheet Data
A1: Workstream | B1: Owner | C1: Budget (€) | D1: Actual Cost (€) | E1: Forecast Cost (€) | F1: Planned Progress % | G1: Actual Progress % | H1: Open Risks | I1: Status | J1: Budget Variance | K1: Forecast Variance | L1: Progress Variance
A2: Requirements | B2: Anna | C2: 8000 | D2: 7500 | E2: 7800 | F2: 1 | G2: 1 | H2: 0 | I2: Green | J2: =C2-D2 -> 500 | K2: =C2-E2 -> 200 | L2: =G2-F2 -> 0
A3: Development | B3: Mark | C3: 30000 | D3: 22000 | E3: 32000 | F3: 0.75 | G3: 0.7 | H3: 3 | I3: Amber | J3: =C3-D3 -> 8000 | K3: =C3-E3 -> -2000 | L3: =G3-F3 -> -0.05
A4: Testing | B4: Sarah | C4: 12000 | D4: 5000 | E4: 11500 | F4: 0.5 | G4: 0.4 | H4: 2 | I4: Red | J4: =C4-D4 -> 7000 | K4: =C4-E4 -> 500 | L4: =G4-F4 -> -0.1
A5: Training | B5: Lukas | C5: 6000 | D5: 1500 | E5: 6500 | F5: 0.3 | G5: 0.2 | H5: 1 | I5: Amber | J5: =C5-D5 -> 4500 | K5: =C5-E5 -> -500 | L5: =G5-F5 -> -0.1
A6: Deployment | B6: Emma | C6: 9000 | D6: 0 | E6: 9000 | F6: 0.1 | G6: 0 | H6: 1 | I6: Green | J6: =C6-D6 -> 9000 | K6: =C6-E6 -> 0 | L6: =G6-F6 -> -0.1

Sheet Dashboard
A1: KPI | B1: Result | D1: DIGITAL TRANSFORMATION PROJECT DASHBOARD
A2: Total Budget | B2: =SUM(Data!C2:C6) -> 65000 | D2: Budget, Forecast & KPI Performance Overview
A3: Actual Spend | B3: =SUM(Data!D2:D6) -> 36000 | D3: TOTAL BUDGET | F3: Actual Spend | H3: Forecast Cost | J3: Project Progress | L3: Open Risks
A4: Forecast Cost | B4: =SUM(Data!E2:E6) -> 66800 | D4: =B2 -> 65000 | F4: =B3 -> 36000 | H4: =B4 -> 66800 | J4: =B8 -> 0.46 | L4: =B9 -> 7
A5: Remaining Budget | B5: =B2-B3 -> 29000
A6: Forecast Variance | B6: =B2-B4 -> -1800
A7: Budget Utilization | B7: =B3/B2 -> 0.55384615 | D7: Remaining Budget | H7: Forecast Variance
A8: Overall Progress | B8: =AVERAGE(Data!G2:G6) -> 0.46 | D8: =B5 -> 29000 | H8: =B6 -> -1800
A9: Open Risks | B9: =SUM(Data!H2:H6) -> 7
A29: Management Insights | N29: RAG Status Summary
A30: Development is forecast to exceed budget by €2,000. | N30: Workstream | O30: Status | P30: Reason
A31: Testing is 10 percentage points behind planned progress | N31: Requirements | O31: Green | P31: Completed as planned
A32: Overall project completion is 46%. | N32: Development | O32: Amber | P32: 5% behind plan and forecast over budget
A33: The project is forecast to exceed the total budget by €1,800. | N33: Testing | O33: Red | P33: 10% behind planned progress
N34: Training | O34: Amber | P34: 10% behind plan and forecast over budget
N35: Deployment | O35: Green | P35: Not yet started; no current cost overrun

Sheet Notes
A1: Project Title
A2: Digital Transformation Project Performance Dashboard
A4: Objective
A5: To create a simple project management dashboard for monitoring budget, actual spend, forecast cost, project progress, open risks, and overall project status.
A7: Tools Used
A8: Microsoft Excel, formulas, charts, conditional formatting, KPI cards, and RAG status reporting.
A10: Key Metrics Tracked
A11: Total budget
A12: Actual spend
A13: Forecast cost
A14: Remaining budget
A15: Forecast variance
... A32: Note: This dashboard uses fictional project data and was created as a portfolio exercise.
